SET client_encoding = 'UTF8';

SET standard_conforming_strings = on;

DROP TABLE IF EXISTS "受注明細";
DROP TABLE IF EXISTS "受注";
DROP TABLE IF EXISTS "得意先";
DROP TABLE IF EXISTS "商品";

CREATE TABLE IF NOT EXISTS "商品" (
    "商品コード" VARCHAR(20) PRIMARY KEY,
    "商品名" VARCHAR(100) NOT NULL,
    "単価" NUMERIC(12, 0) NOT NULL,
    "備考" VARCHAR(200),
    "Version" INTEGER NOT NULL DEFAULT 1
);

CREATE TABLE IF NOT EXISTS "得意先" (
    "得意先ID" INTEGER GENERATED BY DEFAULT AS IDENTITY PRIMARY KEY,
    "得意先名" VARCHAR(100) NOT NULL,
    "電話番号" VARCHAR(20),
    "備考" VARCHAR(200),
    "Version" INTEGER NOT NULL DEFAULT 1
);

CREATE TABLE IF NOT EXISTS "受注" (
    "受注ID" INTEGER GENERATED BY DEFAULT AS IDENTITY PRIMARY KEY,
    "受注日" TIMESTAMP WITHOUT TIME ZONE NOT NULL,
    "得意先ID" INTEGER NOT NULL,
    "得意先名" VARCHAR(100) NOT NULL,
    "合計金額" NUMERIC(18, 2) NOT NULL DEFAULT 0,
    "備考" VARCHAR(200),
    "Version" INTEGER NOT NULL DEFAULT 1
);

CREATE TABLE IF NOT EXISTS "受注明細" (
    "明細ID" INTEGER GENERATED BY DEFAULT AS IDENTITY PRIMARY KEY,
    "受注ID" INTEGER NOT NULL,
    "商品コード" VARCHAR(20) NOT NULL,
    "商品名" VARCHAR(100) NOT NULL,
    "単価" NUMERIC(12, 2) NOT NULL,
    "数量" INTEGER NOT NULL,
    CONSTRAINT fk_受注明細_受注 FOREIGN KEY ("受注ID") REFERENCES "受注" ("受注ID") ON DELETE CASCADE
);

INSERT INTO "商品" ("商品コード", "商品名", "単価", "備考", "Version") VALUES ('MA-08', 'ビグザム', 8000000, '量産が目標', 9);

INSERT INTO "商品" ("商品コード", "商品名", "単価", "備考", "Version") VALUES ('MAN-03', 'ブラウ・ブロ', 3200000, NULL, 1);

INSERT INTO "商品" ("商品コード", "商品名", "単価", "備考", "Version") VALUES ('MAN-08', 'エルメス', 3900000, NULL, 1);

INSERT INTO "商品" ("商品コード", "商品名", "単価", "備考", "Version") VALUES ('MS-05B ', 'ザクI', 700000, NULL, 1);

INSERT INTO "商品" ("商品コード", "商品名", "単価", "備考", "Version") VALUES ('MS-06', 'ザクII', 820000, NULL, 1);

INSERT INTO "商品" ("商品コード", "商品名", "単価", "備考", "Version") VALUES ('MS-07', 'グフ', 950000, NULL, 1);

INSERT INTO "商品" ("商品コード", "商品名", "単価", "備考", "Version") VALUES ('MS-09 ', 'ドム', 1200000, NULL, 1);

INSERT INTO "商品" ("商品コード", "商品名", "単価", "備考", "Version") VALUES ('MS-14 ', 'ゲルググ', 1800000, NULL, 1);

INSERT INTO "商品" ("商品コード", "商品名", "単価", "備考", "Version") VALUES ('MSM-03', 'ゴック', 1180000, NULL, 1);

INSERT INTO "商品" ("商品コード", "商品名", "単価", "備考", "Version") VALUES ('MSM-04 ', 'アッガイ', 980000, NULL, 1);

INSERT INTO "商品" ("商品コード", "商品名", "単価", "備考", "Version") VALUES ('MSM-07', 'ズゴック', 1250000, NULL, 1);

INSERT INTO "商品" ("商品コード", "商品名", "単価", "備考", "Version") VALUES ('MSM-10', 'ゾック', 1480000, NULL, 1);

INSERT INTO "商品" ("商品コード", "商品名", "単価", "備考", "Version") VALUES ('MSN-02 ', 'ジオング', 4800000, NULL, 1);

INSERT INTO "商品" ("商品コード", "商品名", "単価", "備考", "Version") VALUES ('RX-75-4', 'ガンタンク', 500000, NULL, 1);

INSERT INTO "商品" ("商品コード", "商品名", "単価", "備考", "Version") VALUES ('RX-77-2', 'ガンキャノン', 1800000, NULL, 1);

INSERT INTO "商品" ("商品コード", "商品名", "単価", "備考", "Version") VALUES ('RX-78-2', 'ガンダム', 3000000, '', 1);

INSERT INTO "商品" ("商品コード", "商品名", "単価", "備考", "Version") VALUES ('TEST-1', 'テスト１', 999999999, NULL, 2);

INSERT INTO "商品" ("商品コード", "商品名", "単価", "備考", "Version") VALUES ('YMS-15 ', 'ギャン', 2100000, NULL, 1);

INSERT INTO "商品" ("商品コード", "商品名", "単価", "備考", "Version") VALUES ('TEST-2', 'テスト２', 2000, NULL, 1);

INSERT INTO "商品" ("商品コード", "商品名", "単価", "備考", "Version") VALUES ('TEST-3', 'テスト３', 99999999, 'テスト', 2);

INSERT INTO "商品" ("商品コード", "商品名", "単価", "備考", "Version") VALUES ('RGM-79', 'ジム', 1650000, NULL, 2);

INSERT INTO "得意先" ("得意先ID", "得意先名", "電話番号", "備考", "Version") VALUES (1, 'ハカマタソフト', '090-9876-5432', '電話番号は当然すべてダミー', 1);

INSERT INTO "得意先" ("得意先ID", "得意先名", "電話番号", "備考", "Version") VALUES (2, '連邦海運', '052-1234-5678', NULL, 1);

INSERT INTO "得意先" ("得意先ID", "得意先名", "電話番号", "備考", "Version") VALUES (3, 'ジオン商事', 'XXX-XXXX-XXXX', NULL, 1);

INSERT INTO "得意先" ("得意先ID", "得意先名", "電話番号", "備考", "Version") VALUES (103, '得意先_1', '090-0000-0001', 'テスト用データ', 1);

INSERT INTO "得意先" ("得意先ID", "得意先名", "電話番号", "備考", "Version") VALUES (104, '得意先_2', '090-0000-0002', 'テスト用データ', 1);

INSERT INTO "得意先" ("得意先ID", "得意先名", "電話番号", "備考", "Version") VALUES (105, '得意先_3', '090-0000-0003', 'テスト用データ', 1);

INSERT INTO "得意先" ("得意先ID", "得意先名", "電話番号", "備考", "Version") VALUES (106, '得意先_4', '090-0000-0004', 'テスト用データ', 1);

INSERT INTO "得意先" ("得意先ID", "得意先名", "電話番号", "備考", "Version") VALUES (107, '得意先_5', '090-0000-0005', 'テスト用データ', 1);

INSERT INTO "得意先" ("得意先ID", "得意先名", "電話番号", "備考", "Version") VALUES (108, '得意先_6', '090-0000-0006', 'テスト用データ', 1);

INSERT INTO "得意先" ("得意先ID", "得意先名", "電話番号", "備考", "Version") VALUES (109, '得意先_7', '090-0000-0007', 'テスト用データ', 1);

INSERT INTO "得意先" ("得意先ID", "得意先名", "電話番号", "備考", "Version") VALUES (110, '得意先_8', '090-0000-0008', 'テスト用データ', 1);

INSERT INTO "得意先" ("得意先ID", "得意先名", "電話番号", "備考", "Version") VALUES (111, '得意先_9', '090-0000-0009', 'テスト用データ', 1);

INSERT INTO "得意先" ("得意先ID", "得意先名", "電話番号", "備考", "Version") VALUES (112, '得意先_10', '090-0000-0010', 'テスト用データ', 1);

INSERT INTO "得意先" ("得意先ID", "得意先名", "電話番号", "備考", "Version") VALUES (113, '得意先_11', '090-0000-0011', 'テスト用データ', 1);

INSERT INTO "得意先" ("得意先ID", "得意先名", "電話番号", "備考", "Version") VALUES (114, '得意先_12', '090-0000-0012', 'テスト用データ', 1);

INSERT INTO "得意先" ("得意先ID", "得意先名", "電話番号", "備考", "Version") VALUES (115, '得意先_13', '090-0000-0013', 'テスト用データ', 1);

INSERT INTO "得意先" ("得意先ID", "得意先名", "電話番号", "備考", "Version") VALUES (116, '得意先_14', '090-0000-0014', 'テスト用データ', 1);

INSERT INTO "得意先" ("得意先ID", "得意先名", "電話番号", "備考", "Version") VALUES (117, '得意先_15', '090-0000-0015', 'テスト用データ', 1);

INSERT INTO "得意先" ("得意先ID", "得意先名", "電話番号", "備考", "Version") VALUES (118, '得意先_16', '090-0000-0016', 'テスト用データ', 1);

INSERT INTO "得意先" ("得意先ID", "得意先名", "電話番号", "備考", "Version") VALUES (119, '得意先_17', '090-0000-0017', 'テスト用データ', 1);

INSERT INTO "得意先" ("得意先ID", "得意先名", "電話番号", "備考", "Version") VALUES (120, '得意先_18', '090-0000-0018', 'テスト用データ', 1);

INSERT INTO "得意先" ("得意先ID", "得意先名", "電話番号", "備考", "Version") VALUES (121, '得意先_19', '090-0000-0019', 'テスト用データ', 1);

INSERT INTO "得意先" ("得意先ID", "得意先名", "電話番号", "備考", "Version") VALUES (122, '得意先_20', '090-0000-0020', 'テスト用データ', 1);

INSERT INTO "得意先" ("得意先ID", "得意先名", "電話番号", "備考", "Version") VALUES (123, '得意先_21', '090-0000-0021', 'テスト用データ', 1);

INSERT INTO "得意先" ("得意先ID", "得意先名", "電話番号", "備考", "Version") VALUES (124, '得意先_22', '090-0000-0022', 'テスト用データ', 1);

INSERT INTO "得意先" ("得意先ID", "得意先名", "電話番号", "備考", "Version") VALUES (125, '得意先_23', '090-0000-0023', 'テスト用データ', 1);

INSERT INTO "得意先" ("得意先ID", "得意先名", "電話番号", "備考", "Version") VALUES (126, '得意先_24', '090-0000-0024', 'テスト用データ', 1);

INSERT INTO "得意先" ("得意先ID", "得意先名", "電話番号", "備考", "Version") VALUES (127, '得意先_25', '090-0000-0025', 'テスト用データ', 1);

INSERT INTO "得意先" ("得意先ID", "得意先名", "電話番号", "備考", "Version") VALUES (128, '得意先_26', '090-0000-0026', 'テスト用データ', 1);

INSERT INTO "得意先" ("得意先ID", "得意先名", "電話番号", "備考", "Version") VALUES (129, '得意先_27', '090-0000-0027', 'テスト用データ', 1);

INSERT INTO "得意先" ("得意先ID", "得意先名", "電話番号", "備考", "Version") VALUES (130, '得意先_28', '090-0000-0028', 'テスト用データ', 1);

INSERT INTO "得意先" ("得意先ID", "得意先名", "電話番号", "備考", "Version") VALUES (131, '得意先_29', '090-0000-0029', 'テスト用データ', 1);

INSERT INTO "得意先" ("得意先ID", "得意先名", "電話番号", "備考", "Version") VALUES (132, '得意先_30', '090-0000-0030', 'テスト用データ', 1);

INSERT INTO "得意先" ("得意先ID", "得意先名", "電話番号", "備考", "Version") VALUES (133, '得意先_31', '090-0000-0031', 'テスト用データ', 1);

INSERT INTO "得意先" ("得意先ID", "得意先名", "電話番号", "備考", "Version") VALUES (134, '得意先_32', '090-0000-0032', 'テスト用データ', 1);

INSERT INTO "得意先" ("得意先ID", "得意先名", "電話番号", "備考", "Version") VALUES (135, '得意先_33', '090-0000-0033', 'テスト用データ', 1);

INSERT INTO "得意先" ("得意先ID", "得意先名", "電話番号", "備考", "Version") VALUES (136, '得意先_34', '090-0000-0034', 'テスト用データ', 1);

INSERT INTO "得意先" ("得意先ID", "得意先名", "電話番号", "備考", "Version") VALUES (137, '得意先_35', '090-0000-0035', 'テスト用データ', 1);

INSERT INTO "得意先" ("得意先ID", "得意先名", "電話番号", "備考", "Version") VALUES (138, '得意先_36', '090-0000-0036', 'テスト用データ', 1);

INSERT INTO "得意先" ("得意先ID", "得意先名", "電話番号", "備考", "Version") VALUES (139, '得意先_37', '090-0000-0037', 'テスト用データ', 1);

INSERT INTO "得意先" ("得意先ID", "得意先名", "電話番号", "備考", "Version") VALUES (140, '得意先_38', '090-0000-0038', 'テスト用データ', 1);

INSERT INTO "得意先" ("得意先ID", "得意先名", "電話番号", "備考", "Version") VALUES (141, '得意先_39', '090-0000-0039', 'テスト用データ', 1);

INSERT INTO "得意先" ("得意先ID", "得意先名", "電話番号", "備考", "Version") VALUES (142, '得意先_40', '090-0000-0040', 'テスト用データ', 1);

INSERT INTO "得意先" ("得意先ID", "得意先名", "電話番号", "備考", "Version") VALUES (143, '得意先_41', '090-0000-0041', 'テスト用データ', 1);

INSERT INTO "得意先" ("得意先ID", "得意先名", "電話番号", "備考", "Version") VALUES (144, '得意先_42', '090-0000-0042', 'テスト用データ', 1);

INSERT INTO "得意先" ("得意先ID", "得意先名", "電話番号", "備考", "Version") VALUES (145, '得意先_43', '090-0000-0043', 'テスト用データ', 1);

INSERT INTO "得意先" ("得意先ID", "得意先名", "電話番号", "備考", "Version") VALUES (146, '得意先_44', '090-0000-0044', 'テスト用データ', 1);

INSERT INTO "得意先" ("得意先ID", "得意先名", "電話番号", "備考", "Version") VALUES (147, '得意先_45', '090-0000-0045', 'テスト用データ', 1);

INSERT INTO "得意先" ("得意先ID", "得意先名", "電話番号", "備考", "Version") VALUES (148, '得意先_46', '090-0000-0046', 'テスト用データ', 1);

INSERT INTO "得意先" ("得意先ID", "得意先名", "電話番号", "備考", "Version") VALUES (149, '得意先_47', '090-0000-0047', 'テスト用データ', 1);

INSERT INTO "得意先" ("得意先ID", "得意先名", "電話番号", "備考", "Version") VALUES (150, '得意先_48', '090-0000-0048', 'テスト用データ', 1);

INSERT INTO "得意先" ("得意先ID", "得意先名", "電話番号", "備考", "Version") VALUES (151, '得意先_49', '090-0000-0049', 'テスト用データ', 1);

INSERT INTO "得意先" ("得意先ID", "得意先名", "電話番号", "備考", "Version") VALUES (152, '得意先_50', '090-0000-0050', 'テスト用データ', 1);

INSERT INTO "得意先" ("得意先ID", "得意先名", "電話番号", "備考", "Version") VALUES (153, '得意先_51', '090-0000-0051', 'テスト用データ', 1);

INSERT INTO "得意先" ("得意先ID", "得意先名", "電話番号", "備考", "Version") VALUES (154, '得意先_52', '090-0000-0052', 'テスト用データ', 1);

INSERT INTO "得意先" ("得意先ID", "得意先名", "電話番号", "備考", "Version") VALUES (155, '得意先_53', '090-0000-0053', 'テスト用データ', 1);

INSERT INTO "得意先" ("得意先ID", "得意先名", "電話番号", "備考", "Version") VALUES (156, '得意先_54', '090-0000-0054', 'テスト用データ', 1);

INSERT INTO "得意先" ("得意先ID", "得意先名", "電話番号", "備考", "Version") VALUES (157, '得意先_55', '090-0000-0055', 'テスト用データ', 1);

INSERT INTO "得意先" ("得意先ID", "得意先名", "電話番号", "備考", "Version") VALUES (158, '得意先_56', '090-0000-0056', 'テスト用データ', 1);

INSERT INTO "得意先" ("得意先ID", "得意先名", "電話番号", "備考", "Version") VALUES (159, '得意先_57', '090-0000-0057', 'テスト用データ', 1);

INSERT INTO "得意先" ("得意先ID", "得意先名", "電話番号", "備考", "Version") VALUES (160, '得意先_58', '090-0000-0058', 'テスト用データ', 1);

INSERT INTO "得意先" ("得意先ID", "得意先名", "電話番号", "備考", "Version") VALUES (161, '得意先_59', '090-0000-0059', 'テスト用データ', 1);

INSERT INTO "得意先" ("得意先ID", "得意先名", "電話番号", "備考", "Version") VALUES (162, '得意先_60', '090-0000-0060', 'テスト用データ', 1);

INSERT INTO "得意先" ("得意先ID", "得意先名", "電話番号", "備考", "Version") VALUES (163, '得意先_61', '090-0000-0061', 'テスト用データ', 1);

INSERT INTO "得意先" ("得意先ID", "得意先名", "電話番号", "備考", "Version") VALUES (164, '得意先_62', '090-0000-0062', 'テスト用データ', 1);

INSERT INTO "得意先" ("得意先ID", "得意先名", "電話番号", "備考", "Version") VALUES (165, '得意先_63', '090-0000-0063', 'テスト用データ', 1);

INSERT INTO "得意先" ("得意先ID", "得意先名", "電話番号", "備考", "Version") VALUES (166, '得意先_64', '090-0000-0064', 'テスト用データ', 1);

INSERT INTO "得意先" ("得意先ID", "得意先名", "電話番号", "備考", "Version") VALUES (167, '得意先_65', '090-0000-0065', 'テスト用データ', 1);

INSERT INTO "得意先" ("得意先ID", "得意先名", "電話番号", "備考", "Version") VALUES (168, '得意先_66', '090-0000-0066', 'テスト用データ', 1);

INSERT INTO "得意先" ("得意先ID", "得意先名", "電話番号", "備考", "Version") VALUES (169, '得意先_67', '090-0000-0067', 'テスト用データ', 1);

INSERT INTO "得意先" ("得意先ID", "得意先名", "電話番号", "備考", "Version") VALUES (170, '得意先_68', '090-0000-0068', 'テスト用データ', 1);

INSERT INTO "得意先" ("得意先ID", "得意先名", "電話番号", "備考", "Version") VALUES (171, '得意先_69', '090-0000-0069', 'テスト用データ', 1);

INSERT INTO "得意先" ("得意先ID", "得意先名", "電話番号", "備考", "Version") VALUES (172, '得意先_70', '090-0000-0070', 'テスト用データ', 1);

INSERT INTO "得意先" ("得意先ID", "得意先名", "電話番号", "備考", "Version") VALUES (173, '得意先_71', '090-0000-0071', 'テスト用データ', 1);

INSERT INTO "得意先" ("得意先ID", "得意先名", "電話番号", "備考", "Version") VALUES (174, '得意先_72', '090-0000-0072', 'テスト用データ', 1);

INSERT INTO "得意先" ("得意先ID", "得意先名", "電話番号", "備考", "Version") VALUES (175, '得意先_73', '090-0000-0073', 'テスト用データ', 1);

INSERT INTO "得意先" ("得意先ID", "得意先名", "電話番号", "備考", "Version") VALUES (176, '得意先_74', '090-0000-0074', 'テスト用データ', 1);

INSERT INTO "得意先" ("得意先ID", "得意先名", "電話番号", "備考", "Version") VALUES (177, '得意先_75', '090-0000-0075', 'テスト用データ', 1);

INSERT INTO "得意先" ("得意先ID", "得意先名", "電話番号", "備考", "Version") VALUES (178, '得意先_76', '090-0000-0076', 'テスト用データ', 1);

INSERT INTO "得意先" ("得意先ID", "得意先名", "電話番号", "備考", "Version") VALUES (179, '得意先_77', '090-0000-0077', 'テスト用データ', 1);

INSERT INTO "得意先" ("得意先ID", "得意先名", "電話番号", "備考", "Version") VALUES (180, '得意先_78', '090-0000-0078', 'テスト用データ', 1);

INSERT INTO "得意先" ("得意先ID", "得意先名", "電話番号", "備考", "Version") VALUES (181, '得意先_79', '090-0000-0079', 'テスト用データ', 1);

INSERT INTO "得意先" ("得意先ID", "得意先名", "電話番号", "備考", "Version") VALUES (182, '得意先_80', '090-0000-0080', 'テスト用データ', 1);

INSERT INTO "得意先" ("得意先ID", "得意先名", "電話番号", "備考", "Version") VALUES (183, '得意先_81', '090-0000-0081', 'テスト用データ', 1);

INSERT INTO "得意先" ("得意先ID", "得意先名", "電話番号", "備考", "Version") VALUES (184, '得意先_82', '090-0000-0082', 'テスト用データ', 1);

INSERT INTO "得意先" ("得意先ID", "得意先名", "電話番号", "備考", "Version") VALUES (185, '得意先_83', '090-0000-0083', 'テスト用データ', 1);

INSERT INTO "得意先" ("得意先ID", "得意先名", "電話番号", "備考", "Version") VALUES (186, '得意先_84', '090-0000-0084', 'テスト用データ', 1);

INSERT INTO "得意先" ("得意先ID", "得意先名", "電話番号", "備考", "Version") VALUES (187, '得意先_85', '090-0000-0085', 'テスト用データ', 1);

INSERT INTO "得意先" ("得意先ID", "得意先名", "電話番号", "備考", "Version") VALUES (188, '得意先_86', '090-0000-0086', 'テスト用データ', 1);

INSERT INTO "得意先" ("得意先ID", "得意先名", "電話番号", "備考", "Version") VALUES (189, '得意先_87', '090-0000-0087', 'テスト用データ', 1);

INSERT INTO "得意先" ("得意先ID", "得意先名", "電話番号", "備考", "Version") VALUES (190, '得意先_88', '090-0000-0088', 'テスト用データ', 1);

INSERT INTO "得意先" ("得意先ID", "得意先名", "電話番号", "備考", "Version") VALUES (191, '得意先_89', '090-0000-0089', 'テスト用データ', 1);

INSERT INTO "得意先" ("得意先ID", "得意先名", "電話番号", "備考", "Version") VALUES (192, '得意先_90', '090-0000-0090', 'テスト用データ', 1);

INSERT INTO "得意先" ("得意先ID", "得意先名", "電話番号", "備考", "Version") VALUES (193, '得意先_91', '090-0000-0091', 'テスト用データ', 1);

INSERT INTO "得意先" ("得意先ID", "得意先名", "電話番号", "備考", "Version") VALUES (194, '得意先_92', '090-0000-0092', 'テスト用データ', 1);

INSERT INTO "得意先" ("得意先ID", "得意先名", "電話番号", "備考", "Version") VALUES (195, '得意先_93', '090-0000-0093', 'テスト用データ', 1);

INSERT INTO "得意先" ("得意先ID", "得意先名", "電話番号", "備考", "Version") VALUES (196, '得意先_94', '090-0000-0094', 'テスト用データ', 1);

INSERT INTO "得意先" ("得意先ID", "得意先名", "電話番号", "備考", "Version") VALUES (197, '得意先_95', '090-0000-0095', 'テスト用データ', 1);

INSERT INTO "得意先" ("得意先ID", "得意先名", "電話番号", "備考", "Version") VALUES (198, '得意先_96', '090-0000-0096', 'テスト用データ', 1);

INSERT INTO "得意先" ("得意先ID", "得意先名", "電話番号", "備考", "Version") VALUES (199, '得意先_97', '090-0000-0097', 'テスト用データ', 1);

INSERT INTO "得意先" ("得意先ID", "得意先名", "電話番号", "備考", "Version") VALUES (200, '得意先_98', '090-0000-0098', 'テスト用データ', 1);

INSERT INTO "得意先" ("得意先ID", "得意先名", "電話番号", "備考", "Version") VALUES (201, '得意先_99', '090-0000-0099', 'テスト用データ', 1);

INSERT INTO "得意先" ("得意先ID", "得意先名", "電話番号", "備考", "Version") VALUES (202, '得意先_100', '090-0000-0100', 'テスト用データ', 1);

INSERT INTO "得意先" ("得意先ID", "得意先名", "電話番号", "備考", "Version") VALUES (204, 'TEST得意先', '03-1111-1111', NULL, 1);

INSERT INTO "受注" ("受注ID", "受注日", "得意先ID", "得意先名", "合計金額", "備考", "Version") VALUES (1, '2025-07-25 00:00:00', 3, 'ジオン商事', 3980000, NULL, 1);

INSERT INTO "受注" ("受注ID", "受注日", "得意先ID", "得意先名", "合計金額", "備考", "Version") VALUES (2, '2025-07-25 00:00:00', 2, '連邦海運', 5300000, NULL, 1);

INSERT INTO "受注" ("受注ID", "受注日", "得意先ID", "得意先名", "合計金額", "備考", "Version") VALUES (3, '2025-07-26 00:00:00', 1, 'ハカマタソフト', 6000000, NULL, 2);

INSERT INTO "受注" ("受注ID", "受注日", "得意先ID", "得意先名", "合計金額", "備考", "Version") VALUES (4, '2025-07-26 00:00:00', 3, 'ジオン商事', 820000, NULL, 1);

INSERT INTO "受注" ("受注ID", "受注日", "得意先ID", "得意先名", "合計金額", "備考", "Version") VALUES (5, '2025-07-26 00:00:00', 3, 'ジオン商事', 3600000, NULL, 2);

INSERT INTO "受注" ("受注ID", "受注日", "得意先ID", "得意先名", "合計金額", "備考", "Version") VALUES (7, '2025-07-29 00:00:00', 1, 'ハカマタソフト', 6600000, NULL, 1);

INSERT INTO "受注" ("受注ID", "受注日", "得意先ID", "得意先名", "合計金額", "備考", "Version") VALUES (8, '2024-11-18 00:00:00', 1, 'ハカマタソフト', 30000000, NULL, 1);

INSERT INTO "受注" ("受注ID", "受注日", "得意先ID", "得意先名", "合計金額", "備考", "Version") VALUES (9, '2025-07-01 00:00:00', 103, '得意先_1', 15100000, NULL, 1);

INSERT INTO "受注" ("受注ID", "受注日", "得意先ID", "得意先名", "合計金額", "備考", "Version") VALUES (10, '2025-08-06 00:00:00', 1, 'ハカマタソフト', 9990000, NULL, 8);

INSERT INTO "受注" ("受注ID", "受注日", "得意先ID", "得意先名", "合計金額", "備考", "Version") VALUES (11, '2025-08-07 00:00:00', 204, 'TEST得意先', 2460000, NULL, 1);

INSERT INTO "受注" ("受注ID", "受注日", "得意先ID", "得意先名", "合計金額", "備考", "Version") VALUES (12, '2025-08-11 00:00:00', 1, 'ハカマタソフト', 6600000, NULL, 2);

INSERT INTO "受注" ("受注ID", "受注日", "得意先ID", "得意先名", "合計金額", "備考", "Version") VALUES (13, '2025-08-13 00:00:00', 1, 'ハカマタソフト', 14950000, NULL, 2);

INSERT INTO "受注" ("受注ID", "受注日", "得意先ID", "得意先名", "合計金額", "備考", "Version") VALUES (14, '2025-08-13 00:00:00', 3, 'ジオン商事', 15100000, NULL, 2);

INSERT INTO "受注" ("受注ID", "受注日", "得意先ID", "得意先名", "合計金額", "備考", "Version") VALUES (15, '2025-08-15 00:00:00', 1, 'ハカマタソフト', 30000000, E'テスト備考 1行目\nテスト備考 2行目', 1);

INSERT INTO "受注" ("受注ID", "受注日", "得意先ID", "得意先名", "合計金額", "備考", "Version") VALUES (16, '2025-08-21 00:00:00', 1, 'ハカマタソフト', 12600000, NULL, 2);

INSERT INTO "受注" ("受注ID", "受注日", "得意先ID", "得意先名", "合計金額", "備考", "Version") VALUES (17, '2025-08-09 00:00:00', 3, 'ジオン商事', 567000000, NULL, 1);

INSERT INTO "受注" ("受注ID", "受注日", "得意先ID", "得意先名", "合計金額", "備考", "Version") VALUES (18, '2025-08-10 00:00:00', 2, '連邦海運', 660000000, NULL, 1);

INSERT INTO "受注明細" ("明細ID", "受注ID", "商品コード", "商品名", "単価", "数量") VALUES (1, 1, 'MS-06', 'ザクII', 820000, 4);

INSERT INTO "受注明細" ("明細ID", "受注ID", "商品コード", "商品名", "単価", "数量") VALUES (2, 1, 'MS-05B ', 'ザクI', 700000, 1);

INSERT INTO "受注明細" ("明細ID", "受注ID", "商品コード", "商品名", "単価", "数量") VALUES (3, 2, 'RX-78-2', 'ガンダム', 3000000, 1);

INSERT INTO "受注明細" ("明細ID", "受注ID", "商品コード", "商品名", "単価", "数量") VALUES (4, 2, 'RX-77-2', 'ガンキャノン', 1800000, 1);

INSERT INTO "受注明細" ("明細ID", "受注ID", "商品コード", "商品名", "単価", "数量") VALUES (5, 2, 'RX-75-4', 'ガンタンク', 500000, 1);

INSERT INTO "受注明細" ("明細ID", "受注ID", "商品コード", "商品名", "単価", "数量") VALUES (10, 4, 'MS-06', 'ザクII', 820000, 1);

INSERT INTO "受注明細" ("明細ID", "受注ID", "商品コード", "商品名", "単価", "数量") VALUES (15, 7, 'RX-77-2', 'ガンキャノン', 1800000, 2);

INSERT INTO "受注明細" ("明細ID", "受注ID", "商品コード", "商品名", "単価", "数量") VALUES (16, 7, 'RX-78-2', 'ガンダム', 3000000, 1);

INSERT INTO "受注明細" ("明細ID", "受注ID", "商品コード", "商品名", "単価", "数量") VALUES (17, 5, 'MS-09 ', 'ドム', 1200000, 3);

INSERT INTO "受注明細" ("明細ID", "受注ID", "商品コード", "商品名", "単価", "数量") VALUES (18, 8, 'RX-78-2', 'ガンダム', 3000000, 10);

INSERT INTO "受注明細" ("明細ID", "受注ID", "商品コード", "商品名", "単価", "数量") VALUES (19, 3, 'RX-78-2', 'ガンダム', 3000000, 2);

INSERT INTO "受注明細" ("明細ID", "受注ID", "商品コード", "商品名", "単価", "数量") VALUES (20, 9, 'MA-08', 'ビグザム', 8000000, 1);

INSERT INTO "受注明細" ("明細ID", "受注ID", "商品コード", "商品名", "単価", "数量") VALUES (21, 9, 'MAN-08', 'エルメス', 3900000, 1);

INSERT INTO "受注明細" ("明細ID", "受注ID", "商品コード", "商品名", "単価", "数量") VALUES (22, 9, 'MAN-03', 'ブラウ・ブロ', 3200000, 1);

INSERT INTO "受注明細" ("明細ID", "受注ID", "商品コード", "商品名", "単価", "数量") VALUES (35, 11, 'MS-06', 'ザクII', 820000, 3);

INSERT INTO "受注明細" ("明細ID", "受注ID", "商品コード", "商品名", "単価", "数量") VALUES (44, 12, 'RX-78-2', 'ガンダム', 3000000, 1);

INSERT INTO "受注明細" ("明細ID", "受注ID", "商品コード", "商品名", "単価", "数量") VALUES (45, 12, 'RX-77-2', 'ガンキャノン', 1800000, 2);

INSERT INTO "受注明細" ("明細ID", "受注ID", "商品コード", "商品名", "単価", "数量") VALUES (48, 13, 'MS-05B ', 'ザクI', 700000, 20);

INSERT INTO "受注明細" ("明細ID", "受注ID", "商品コード", "商品名", "単価", "数量") VALUES (49, 13, 'MS-07', 'グフ', 950000, 1);

INSERT INTO "受注明細" ("明細ID", "受注ID", "商品コード", "商品名", "単価", "数量") VALUES (53, 14, 'MA-08', 'ビグザム', 8000000, 1);

INSERT INTO "受注明細" ("明細ID", "受注ID", "商品コード", "商品名", "単価", "数量") VALUES (54, 14, 'MAN-03', 'ブラウ・ブロ', 3200000, 1);

INSERT INTO "受注明細" ("明細ID", "受注ID", "商品コード", "商品名", "単価", "数量") VALUES (55, 14, 'MAN-08', 'エルメス', 3900000, 1);

INSERT INTO "受注明細" ("明細ID", "受注ID", "商品コード", "商品名", "単価", "数量") VALUES (56, 15, 'RX-78-2', 'ガンダム', 3000000, 10);

INSERT INTO "受注明細" ("明細ID", "受注ID", "商品コード", "商品名", "単価", "数量") VALUES (58, 16, 'RX-78-2', 'ガンダム', 3000000, 3);

INSERT INTO "受注明細" ("明細ID", "受注ID", "商品コード", "商品名", "単価", "数量") VALUES (59, 16, 'RX-77-2', 'ガンキャノン', 1800000, 2);

INSERT INTO "受注明細" ("明細ID", "受注ID", "商品コード", "商品名", "単価", "数量") VALUES (64, 10, 'MSM-07', 'ズゴック', 1250000, 1);

INSERT INTO "受注明細" ("明細ID", "受注ID", "商品コード", "商品名", "単価", "数量") VALUES (65, 10, 'MSM-03', 'ゴック', 1180000, 2);

INSERT INTO "受注明細" ("明細ID", "受注ID", "商品コード", "商品名", "単価", "数量") VALUES (66, 10, 'MSM-10', 'ゾック', 1480000, 1);

INSERT INTO "受注明細" ("明細ID", "受注ID", "商品コード", "商品名", "単価", "数量") VALUES (67, 10, 'MSM-04 ', 'アッガイ', 980000, 5);

INSERT INTO "受注明細" ("明細ID", "受注ID", "商品コード", "商品名", "単価", "数量") VALUES (68, 17, 'MS-06', 'ザクII', 820000, 200);

INSERT INTO "受注明細" ("明細ID", "受注ID", "商品コード", "商品名", "単価", "数量") VALUES (69, 17, 'MS-07', 'グフ', 950000, 20);

INSERT INTO "受注明細" ("明細ID", "受注ID", "商品コード", "商品名", "単価", "数量") VALUES (70, 17, 'MS-09 ', 'ドム', 1200000, 200);

INSERT INTO "受注明細" ("明細ID", "受注ID", "商品コード", "商品名", "単価", "数量") VALUES (71, 17, 'MS-14 ', 'ゲルググ', 1800000, 80);

INSERT INTO "受注明細" ("明細ID", "受注ID", "商品コード", "商品名", "単価", "数量") VALUES (72, 18, 'RGM-79', 'ジム', 1650000, 400);

SELECT setval(pg_get_serial_sequence('"得意先"', '得意先ID'), COALESCE((SELECT MAX("得意先ID") FROM "得意先"), 0), true);

SELECT setval(pg_get_serial_sequence('"受注"', '受注ID'), COALESCE((SELECT MAX("受注ID") FROM "受注"), 0), true);

SELECT setval(pg_get_serial_sequence('"受注明細"', '明細ID'), COALESCE((SELECT MAX("明細ID") FROM "受注明細"), 0), true);
